{
  "accuracy": 0.8852,
  "precision": 0.8621,
  "recall": 0.8929,
  "f1_score": 0.8772,
  "auc_roc": 0.9481,
  "confusion_matrix": [
    [
      29,
      4
    ],
    [
      3,
      25
    ]
  ],
  "roc_curve": {
    "fpr": [
      0.0,
      0.0,
      0.0,
      0.030303,
      0.030303,
      0.060606,
      0.060606,
      0.090909,
      0.090909,
      0.121212,
      0.121212,
      0.212121,
      0.212121,
      0.363636,
      0.363636,
      1.0
    ],
    "tpr": [
      0.0,
      0.035714,
      0.5,
      0.5,
      0.642857,
      0.642857,
      0.75,
      0.75,
      0.785714,
      0.785714,
      0.928571,
      0.928571,
      0.964286,
      0.964286,
      1.0,
      1.0
    ]
  }
}